index,text,true_narratives,true_claims
0,"The experts, like James Hansen and Michael Shellenberger, who really, really believe in global warming, are loudly saying the solution is nuclear, not wind or solar.",['N_4'],"[‘C_28_4’, ‘C_2_0’]"
1,"It was a hot issue whether the wind farm would be able to compensate for Vermont Yankee’s production.
“Industrial wind can’t replace Yankee nuclear, but there are things that could,” Wilbur said. She suggested Vermonters work to reduce heating costs by starting a home insulation fund or deter pollution by taxing pollutants like cigarettes.",['N_4'],"['C_26_0', 'C_28_4']"
2,"Mr Walker said, “Coal and nuclear power can technically be turned on and off when they want but wind farms are completely intermittent and despite all the numbers quoted, they can’t provide power when it is needed.
“There just isn’t the wind in northern Europe to justify the wind farms.
“They would only provide up to 3% of electricity demand and only work when the wind blows so what use are they?”",['N_4'],"['C_26_0', 'C_28_4', 'C_28_5']"
3,Backing up Stockbridge is a conclusion in one of the outside reports indicating an onshore wind farm would cost customers half as much as the offshore facility.,['N_3'],"['C_20_0', 'C_28_1']"
4,"But, alas, he now says the project’s economics, requiring heavy government subsidies, don’t add up, and then there’s that aesthetic thing outside his window. So Koch now spends his time trying to kill the plan, partly by raising money to re-energize the once stumbling Alliance to Protect Nantucket Sound. The not-for-profit has raised $11 million to date–with Koch and rich counterparts accounting for 90% of the money donated. Continuing the fight may be harder to keep up. “It’s so damn expensive, the alliance has to spend $2 million to $3 million a year to fight [Gordon] and people down here are cheap Yankees,” Koch says. “The Mellons and the Duponts live down here, and trying to get $50,000 out of them is like trying to twist a rock.”","['N_2', 'N_3']","['C_11_0', 'C_24_0']"
5,"Inefficient, unreliable, unsightly and financially unviable windmills are not the way forward on Mynydd yr Gwair.","['N_2', 'N_3', 'N_4']","['C_11_0', 'C_26_0', 'C_27_0']"
6,"The goal, which is equivalent to 3,000 high-capacity wind turbines, is 'not viable, neither from an economic nor a technological point of view,' the paper quoted a spokesman from German utility E.ON AG as saying.","['N_3', 'N_4']","['C_26_0', 'C_27_0']"
7,"this year’s meeting saw all those efforts hit paydirt. pseg ceo ralph larossa announced that following a review of their various subsidiaries, the company concluded that offshore wind “did not meet investor demands” and was found to “not meet corporate expectations.” the result of this analysis was that pseg decided to sell off that sector of their business.",['N_3'],['C_27_0']
8,"In addition, the recommendation states PSO’s analysis “contained assumptions regarding future gas prices, carbon costs, and wind additions that overstate the benefits of the project,” and that the project shows potential risky elements such as the risk of cost overruns on, or complete failure of, the Gen-Tie line; failure of Wind Catcher to qualify for full production tax credits and a risk of non-performance by other AEP companies.","['N_3', 'N_6']","['C_27_0', 'C_32_1', 'C_32_3']"
9,"on the other side of the equation, there are those who are obsessed with net-zero. the missing dimension in thinking about energy is energy security. we need a reliable system. and the other part of that is not just domestic reliability in our system, which can’t be delivered by the kind of solar panels and wind farms that you’re seeing on your screen, but it has to have the international dimension. it is vital to national security that we get this right. we can’t be reliant upon long supply chains for renewable energies. we need to be mindful of our obligations to our friends and allies who rely on our exports of coal, gas, and uranium.australia has taken 25 years to basically stuff the energy system.","['N_4', 'N_7']","['C_26_0', 'C_28_5', 'C_37_0']"
10,"if windy areas are remote from consumers, as in texas, reaching a wind generator may require dedicated radial transmission that cannot be used to deliver power from alternative sources; its isolation from most of the energy grid also means that it contributes little to reliability.",['N_4'],['C_26_0']
11,"the only offshore wind farm in operation in the united states is off of block island—a 30-megawatt facility off the coast of rhode island that cost $10,000 per kilowatt to construct—over 10 times more than the cost of a new natural gas combined cycle unit. according to the energy information administration, the cost of unsubsidized offshore wind is 13.8 cents per kilowatt hour—about double what vineyard wind is projected to cost.",['N_3'],"['C_27_0', 'C_28_5']"
12,"for three decades, scientists have reported the build-up of dead insects on wind turbine blades in different regions around the world. researchers in germany found a 76 percent decline in flying insect biomass in conducting a 27-year population monitoring study. wind turbines are contributing to what is called the “insect die-off.” the german insect death toll from wind turbines of 1.2 trillion per year is one-third
of the total annual insect migration in southern england.
insect die-off also reduces the efficiency of the wind turbines. in 2001, researchers calculated
that the build-up of dead insects on wind turbine blades can reduce the electricity they generate by 50 percent.","['N_1', 'N_4']","['C_1_0', 'C_26_0']"
13,"the german government also forced the wind power industry to cut costs, introducing a market-based tendering model. the economic and legal risks have made investors leery about investing in wind projects without the massive government-mandated subsidies that the wind industry enjoyed.",['N_3'],"['C_24_0', 'C_27_0']"
14,"meeting its renewables target without nuclear fuel reprocessing will be a multibillion-dollar experiment that will require the government to build tens of thousands more wind turbines, including up to 7,000 offshore giant turbines.[17] as british writer christopher booker notes, ""to build two turbines a day, nearly as high as the eiffel tower, is inconceivable.""[18] with prohibitive financial costs, unreliable technology, and public opposition, the british plan does not make for effective or efficient environmental policy.","['N_2', 'N_3', 'N_4', 'N_5']","['C_26_0', 'C_27_0', 'C_5_0']"
15,"in addition to building and operating the huge osw array itself, there may be issues with the power lines use to bring the juice ashore. these lines are collectively gigantic compared to even our biggest onshore power lines.
phase one has a generating capacity of about 2,600 mw, with phase two boosting that to 5,200 mw. to my knowledge the biggest ac power line in america is just around 750 mw, and up to 1,000 mw for dc. thus the osw lines dwarf these land lines.
the whales are thought to actually dig into the ocean floor, which is an obvious problem with these monster power lines. but there is also the question of how the strong emf of these lines might affect them?",['N_1'],"['C_10_0', 'C_1_2']"
16,"this is by no means the first time noaa has been given technical information regarding the threat of excessive noise from offshore wind development. such noise can easily cause deadly behavior by whales, including ship strikes, entanglements, and reproductive decline.
we shall see how noaa responds to this serious letter of concern from the save right whales coalition. their ongoing research is also of great interest to us, especially since the rich north atlantic right whale consortium seems to be doing little or nothing about offshore wind.","['N_1', 'N_5']","['C_1_2', 'C_32_4']"
17,"meeting new jersey’s energy needs should be strictly a technical and engineering issue, says droz, but politics gets in the way.
“we have to acknowledge electrical energy choice is a complex technical problem, and for any technical problem we have, the answer should be found in science,” droz said. “the only energy policy which makes sense for new jersey is one based on science.
“therein lies the problem, because nothing in new jersey’s energy policy is based on science, which, to be fair, isn’t just true in new jersey, it applies to new york and other states as well,” droz said. “their energy policies are written by special interest lobbyists, and any connection to science is inadvertent and accidental.”
droz says special interests control the state’s energy policies.
“if there were any scientists involved in this process they would say, ‘hey, this is stupid,'” droz said. “new jersey’s energy policy is written by lobbyists and so-called environmental groups, who call themselves ‘stakeholders,’ but there is no stakeholder representing the public, or ratepayers, or the military, or the environment, or anybody else when these policies are developed—only special-interest stakeholders need apply to shape new jersey’s energy policy.”",['N_0'],['C_0_0']
18,"Osage County is also home to a powerful opponent of wind farm development.
“The site is the problem,” says Everett Waller, a tribal leader with the Osage Nation. “It’s not the alternate energy, the wind energy, anything of that fact.”
While the tribe is worried that wind farm construction could hurt wildlife and disturb native remains and artifacts, one of its biggest concerns is oil.
While many nontribal residents – like Bush – own land in Osage County, the tribal members own most of the mineral rights.
Waller says aboveground wind farms could block drilling and pumping the oil and gas below ground.
“I have a job as chairman of the minerals council to protect my shareholders,” Waller says. “This is a business. We’re in the oil business.”","['N_1', 'N_2', 'N_3']","['C_17_1', 'C_17_3', 'C_1_0', 'C_25_5']"
19,"Thousands of indigenous Lenca in Honduras have been affected by the construction fo a wind power plant. The construction occupies their lands and affects the environment... More information from Telesur’s Jorge Fita.
Thirty kilometers from Tegucigalpa, in Cerro de Hula, Latin America’s largest wind farm is almost finished … However, for the villagers in the area the project has meant loss of their land and destruction of the environment.
Gilma Martínez, resident: “We have been very affected, first because they’ve cheated us, they forced us to sign a rigged contract, and we lost our lands.”","['N_1', 'N_2', 'N_6']","['C_14_0', 'C_17_3', 'C_32_5']"
20,"Several organizations have denounced irregularities in the development of this energy project, primarily because of the lack of environmental impact studies and the lack of information to locals, which is required by international trade agreements. Alfredo Noel, Santa Ana Lenca leader: “We know there wasn’t a prior consultation, as required by the U.N. declaration and which sometimes serves to help indigenous peoples, but there was never such an inquiry.”","['N_2', 'N_5', 'N_6']","['C_15_0', 'C_17_3', 'C_30_0', 'C_32_2']"
21,"“Whereas the right to practice their religious ceremony in the traditional manner will be forever denied by a proposed experimental wind farm consisting of 130 windmill turbines, with propeller blades reaching approximately 440-feet above the surface of the water on about 25 square miles (about the size of Manhattan)…the Wampanoag Tribe most strenuously objects to this proposal and opposes the placement of this wind farm in the traditional Wampanoag waters of their religious and ceremonial sanctuary.”",['N_2'],"['C_17_1', 'C_17_3', 'C_29_0', 'C_5_0']"
22,"the article is about operational noise but site survey noise is just as bad, perhaps much worse. the wind site described is in a low traffic area, as most likely are, with heavy coastal traffic passing nearby. to avoid the horrendous noise, the migrating whales are forced to go around the site, which puts them right into heavy traffic. the potential for increased deaths is obvious, making sentence one deeply false.",['N_1'],['C_1_2']
23,"fishermen across the region have been pressing officials for answers to their concerns about where the turbines will be located, how far apart they will be built, and the placement of the cables to the mainland. commercial fishermen urged regulators to study the potential impact of the proposed wind farms on marine mammals, spawning grounds of herring and squid, and other species that inhabit the area. the fishermen also raised questions about the impact of electromagnetic waves pulsing across the seafloor on species such as sharks, which navigate and hunt in part by sensing electrical currents, and how rotating turbine blades could impede their ability to navigate with radar.","['N_1', 'N_3']","['C_10_0', 'C_1_2', 'C_25_3', 'C_35_0']"
24,"second, there is absolutely zero evidence that massive off shore wind farms will combat “climate change.” and, as is becoming more apparent, huge off shore wind farms that have been built or are being built along the atlantic coast have caused widespread havoc on marine life, including a major spike in whale deaths. what’s more, the components necessary to build off shore wind turbines cause environmental degradation and the gargantuan turbine blades have a short shelf-life and are environmentally toxic.",['N_1'],"['C_1_2', 'C_2_0', 'C_3_0']"
25,"the project is going forward despite opposition from nj residents and dead whales that have washed up on nj shores. on june 8, three groups filed suit in the appellate division of new jersey’s superior court seeking to overturn the new jersey department of environmental protection’s sign-off on the project. the groups state that the project will “hasten the decline of marine species and destroy large parts of the seafloor by compression and hardening.”",['N_1'],"['C_1_2', 'C_5_0']"
26,"Offshore wind development is harmful to whales and other marine life via noise, harassment, displacement into hazardous zones, AND/OR toxic waste AND impacts on fishing industries (reference point from article)","['N_1', 'N_3']","['C_1_2', 'C_25_3']"
28,"Last year, the 6-foot-4 Koch joined the windmill fray because he didn’t like the Nantucket Sound group’s “goofy” P.R. tactics and its purely environmental stance. Koch’s economic arguments have joined the alliance’s battery of other objections: It could undermine Cape Cod, Martha’s Vineyard and Nantucket’s $1 billion-a-year tourist industry, impair radar for boats and planes, kill birds, hurt fisherman and be an eyesore in a body of water that’s equivalent to a national park.","['N_1', 'N_2', 'N_3']","['C_11_0', 'C_1_1', 'C_25_1', 'C_25_3', 'C_35_0']"
31,"Ian McCall, the campaign and policy co-ordinator with the Ramblers’ Association Scotland, said the decision sends a clear signal to wind-farm developers.
“We now expect most planning applications for 100m-plus turbines in the Scottish hills to be rejected. These industrial monsters will not fit into most Scottish landscapes – their place is well offshore.”
He added: “At long last the government appears ready to constrain the relentless march of giant wind turbines across our world famous landscapes.”",['N_2'],"['C_11_0', ‘C_28_2’, ‘C_29_0’]"
32,"But many more skipped the auction, and some were blunt about where they saw opportunity in wind energy. “We continue to pursue the myriad onshore opportunities in the U.S. market,” said Art Sasse, a spokesman at Iberdrola Renewables, a division of Iberdrola, the Spanish energy group. Land-based wind projects are booming, so much so that the United States became the top wind energy producer in the world last year, according to the White House.",['N_0'],['C_0_0']
33,"This is what the DRECP does not mention: a study by the UCLA’s Luskin Center for Innovation calculated that the rooftops in Los Angeles County alone could accommodate over 22,000 megawatts of solar panels. As I pointed out in my earlier post on the DRECP, the plan unfortunately discarded an alternative that would consist only of distributed generation (solar panels on rooftops, over parking lots, and other spaces in our cities). The DRECP’s purpose and need statement (Volume I.1) makes it clear that the Department of Interior and California Energy Commission assume that it is necessary to industrialize desert wildlands for large-scale renewable energy projects, so we’re fighting an uphill battle in convincing the powers that be that there is a more sustainable and wildlife-friendly way to generate clean energy.",['N_0'],['C_0_0']
34,"I appreciate that the Scottish Government is keen to meet its Renewable Energy targets but to rely so heavily on inefficient wind power where turbines are destroying the beauty of our countryside, and now our seascape, to the detriment of the vital tourist industry on which Scotland relies so heavily, seems crazy.
“Yes, of course, we should be looking at using more renewable energy, but this needs Government investment in, for example among others, tidal and wave power which seem to have the potential to provide power with less visible landscape interference and jobs!","['N_2', 'N_3', 'N_4']","['C_11_0', 'C_25_1', 'C_26_0', 'C_28_3']"
35,"in may 2017, indiana governor eric holcomb signed into law a measure that lowers the rate of compensation for customers who install solar or wind power, phasing out retail net metering. systems installed by the end of 2017 were to get the retail rate for 30 years, but the rate will be lowered over a series of years for other customers after 2022. after 2022, solar and wind customers will be compensated at their utility’s marginal cost, plus 25 percent.",['N_0'],['C_0_0']
36,"it’s no wonder climate alarmists, computer modelers, green new deal proponents, and wind turbine, solar panel, battery and concrete salesmen want to silence happer and van wijngaarden – or at least keep their work out of scientific journals. it’s also not surprising that china is happy to see the h&w science suppressed: its companies will be the ones selling us turbines, panels and batteries. follow the science!","['N_6', 'N_7']","['C_32_4', 'C_38_0']"
37,"During the public work session, commissioners discussed the fact that significant construction [on wind turbines] inside of shipping lanes could also impact the Port’s ongoing work to attract cargo business to the International Terminal. Port Commissioners also expressed frustration and puzzlement over the process, which schedules thorough evaluations of environmental impacts and other analysis after development leases have already been awarded.
Commissioner Gil Sylvia, a marine resource economist, was surprised by the process. “If I was looking at the question of what will be the economic impacts, loss of jobs, revenues, taxes, secondary and tertiary impacts, normally an EIS (environmental impact statement) would look at all of that up front and you would ask the questions,” he said. “The fact that it can be done at the end of the process seems bizarre and doesn’t seem consistent with NEPA (National Environmental Policy Act).”","['N_3', 'N_5']","['C_23_0', 'C_25_4', 'C_30_0']"
39,"clearly there is a real research question here. however, the results look to be both abstract and speculative at this point. but then, so is the rest of the climate change scare — abstract, speculative and based on questionable models.
it is both amusing and fitting that these alarming climate models find wind power to be just as scary as carbon dioxide. in wind’s case it might even be true because the generators really are sucking energy out of the air, and energy is what makes weather.",['N_1'],"['C_1_0', 'C_2_0']"
40,"Green further stated, “A commission to study the health impacts of wind turbines could make great advances. Since the spring of 2010 when the people in Falmouth, my Cape Cod community, started to experience health problems, I and others started to call for an honest, reliable, peer-reviewed scientific study of the people who are living in the proximity of wind turbines and experiencing health problems they did not have prior to the construction of the wind turbines. To date this has not happened. People who have filed numerous health complaints are still suffering, some even more than five years after their first complaint because the root of their problems has not been addressed. If this was any other health hazard, the source of the problem would have been shut down long ago. It is extremely important that the health, safety and well being of the citizens in MA are first and foremost.” Efforts to combat climate disruption should not harm human health or the very environment we are trying to protect.","['N_5', 'N_8']","['C_30_0', 'C_32_1']"
41,"in the u.s., this foolishness is happening every day as the federal government, in addition to state governments, is massively subsidizing wind and solar power—even though they are, in most places, only niche sources of fuel. with more than $100 billion spent already, less than 10% of our energy comes from the wind and the sun, with most of the other 90% coming from good old-fashioned fossil fuels. for all the talk about the falling costs of solar and wind power—and yes, they are falling—without billions of dollars of cash subsidies and tax breaks for the “renewable” energy sector, along with mandates requiring utilities to buy the power at any cost, wind and solar energy would be hopelessly expensive in most areas of the country. as a result, they would quickly surrender market share to natural gas and clean coal. (don’t look now, but coal prices are falling, too.)","['N_3', 'N_4']","['C_24_0', 'C_26_0', 'C_27_0', 'C_28_5']"
42,"the dark side of renewable wind, solar and biofuel energy is that they are not clean, green, renewable or sustainable. they are horrifically destructive to vital ecological values that will last for generations to come.",['N_1'],"['C_1_0', 'C_3_0']"
43,"federal regulators are blowing right past their watchdog roles without fully understanding the threat wind platforms pose to endangered whales and other precious marine life.
 they are blind to the unusual sight
of whale carcasses washing up on our beaches.
massive offshore wind construction is industrializing our unspoiled coast, to the detriment of marine life, fishermen, boaters, and all who treasure our oceans.","['N_1', 'N_2', 'N_5']","['C_11_0', 'C_1_2', 'C_25_3', ‘C_30_0’, ’C_16_0’]"
44,"Most elected officials joined O’Leary to speak out against the project, citing concerns over catastrophic oil spills and impact on the local economy.",['N_0'],['C_0_0']
45,"Duncan, who was appointed two months ago in wake of the resignation of Andrew Warner, asked Britton whether the large foundations for the wind turbines would impact groundwater.
Britton replied that the foundations may be 50 feet across and 20-30 feet deep. He said he was more concerned about runoff from haul roads and town roads.",['N_0'],['C_0_0']
46,"wind turbines are manufactured to withstand extreme conditions, but wear and tear is inevitable. turbine blades are coated in an epoxy resin that can erode at a rate of 137 pounds per year, per turbine, as the blades collide with rain, hail, birds, bats, and bugs. a third of this resin is comprised of bisphenol a (bpa), an endocrine disruptor particularly dangerous to children. whatever exposure risk the erosion of operating turbines pose, it is unreasonable to assume that the risk diminishes as these blades are sawed apart and stored in towns like sweetwater.","['N_1', 'N_2', 'N_8']","['C_1_1', 'C_3_0', 'C_9_0']"
47,"It has been a long, emotional struggle for people who are hauling water in to cook and bathe with after their perfectly good wells began clogging with black sediment after the wind farm companies began construction in Dover and Chatham township.
Fear of what the black shale, which is known to contain toxic heavy metals, is doing to the long-term health of them and their children has been incredibly stressful for families. Add to that having to haul water during cold winter months because the expensive water tank you bought is frozen.
All they want is answers and they are tired of being shoved from one level of government to the other to get them.","['N_2', 'N_5', 'N_8']","['C_30_0', 'C_3_0', 'C_9_0']"
48,"Innogy’s letter to BEIS says that market changes mean new projects require taller turbines to be economically viable. It adds: “Smaller turbines with lower tip heights and shorter blades, such as those proposed in the Carnedd Wen project, are being phased out by manufacturers and are unlikely to be available in the future”.",['N_0'],['C_0_0']
49,"a larger turbine produces more electricity and, thus, more revenue than a smaller turbine. size also helps reduce the costs of building and maintaining a wind farm because fewer turbines are required to produce a given amount of power. these qualities that reduce cost are an incentive for developers to use the largest turbines available to increase their ability to win auctions for offshore power supply. however, wind turbines will reach a point where greater size no longer makes economic sense.",['N_0'],['C_0_0']
50,"yet wind and solar are not resilient technologies. they’re also more expensive than fossil fuels, raising electricity prices for residents.
moreover, these costs wouldn’t reduce warming. even if puerto rico used no fossil fuels at all, starting now, this would make a difference of only 0.003 degrees celsius in 2100, according to government models.","['N_3', 'N_4']","['C_20_0', 'C_26_0', 'C_27_0', 'C_2_0']"
51,"remove import tariffs on energy technologies. the obama administration has operated in a way that forces the replacement of conventional energy sources with renewable energy sources. as arbitrary and economically unsound as this goal is, the administration counterintuitively is making renewable power more expensive by placing high tariffs on imported solar parts to protect u.s. manufacturers from foreign competition. protecting domestic manufacturers will only keep prices higher, ensuring that the technology is less competitive and reducing the incentives for domestic manufacturers to innovate and lower their costs. while the u.s. has antidumping provisions to protect against “unfairly low” prices, “antidumping laws are confusing and arbitrary, and in many instances merely allow american firms to secure punitive tariffs against competing importers where no unfair trade practices are involved. worse, these laws drive up the costs of imported components used by other american enterprises, making their products less competitive in world markets.”[5] the next administration should eliminate government-created market distortions that drive up costs for alternative energy sources and modernize antidumping laws to allow americans to take full advantage of the increasingly interconnected global economy.[6]",['N_0'],['C_0_0']
54,"james taylor, president of the heartland institute, said: “i am totally perplexed why dominion energy believes it can obtain public approval of its wind factory by concealing its plan for protection of the right whale. how can protection of the right whale qualify as ‘confidential business information’ when at the same time dominion is granted monopoly protection and a guaranteed rate of return on its assets?”","['N_1', 'N_6']","['C_1_0', 'C_1_2', 'C_32_2']"
55,"At a previous council meeting, Bowen and other Schoolfield Street residents protested the installation of the turbine because they felt they were not given enough warning or information before the council was ready to sign a deal with DDU Magnetics for a 50KW, 85-foot tall turbine.","[’N_2’, ’N_6’]","['C_15_0', 'C_5_0']"
56,"When Save Berkeley Vale (SBV) protesters gathered last week, around 180 people turned up and many criticised Next Generation and sister firm Ecotricity’s approach to dealing with their concerns.
Roger Stroud, SBV spokesman, suggested electricity boss Dale Vince “do the sensible, dignified and right thing and walk away”.
He added: “From the strength of feeling in the area and the large number of people who attended a hastily arranged event, how on earth does Mr Vince think he and his four 120-metre turbines is being a good neighbour to all of us?”
SBV has questioned the robustness of a survey which Ecotricity carried out in the area. They say it didn’t represent local people’s views.","['N_2', 'N_6']","['C_15_0', 'C_32_1', 'C_5_0']"
57,"Earlier this year Mr Davies called on the inquiry to be halted due to a technicality involving the United Nations meaning the hearing could end up being worthless.
The UN has raised the issue that there has not been any public consultation on the UK’s national renewable energy policy.
The UN Economic Commission for Europe, a body that rules on international conventions, found the UK Government had acted illegally by not allowing public participation in the formulation of the National Renewable Energy Action Plan.
Mr Davies says it called into question the legal validity of any further planning consent for all future windfarm developments – a move backed by former Montgomeryshire MP Lord Carlile.","['N_5', 'N_6']","['C_15_0', 'C_30_0']"
58,"A “local” petition that was used to back the controversial wind farm was said to have been hijacked by people from Doncaster, Dunfermline and Fraserburgh. Gray & Adams also has branches in Dunfermline and Doncaster. Opposition politicians have demanded the Government reconsiders its decision to approve the 22-turbine Creag Riabhach development because local support for the project was one of the main arguments considered by ministers before they gave permission for the project.","['N_2', 'N_6']","['C_15_0', 'C_32_3', 'C_32_5']"
59,"Carter said, “The wind turbine company, Helena Wind, provided no evidence, no comparable evidence, that their project would be worth for taxable value in the future what they project it would be.”
In its application, Helena Wind lists the total annual tax levy of the property as $705,660. The company wants 10 years in tax incentives starting in 2022, in the amount of $387,660 – almost 55 percent – per year. As a result, the net tax levy would be $318,000.","['N_3', 'N_6']","['C_21_0', ‘C_24_0', ‘C_32_1', 'C_32_2']"
61,"Pritchard estimates that two dozen landowners rejected lease offers for the Amazon project. Apex also had rejections, including one from farmer Tommy Harrell, who owns 450 acres in Perquimans. Harrell said he turned Apex down because the contract barred him from discussing the terms with anyone, he didn’t want restrictions on adding structures on his property in the future, and he just didn’t trust the company.","['N_2', 'N_6']","['C_14_0', 'C_32_2', 'C_32_5']"
62,"A really big item for the upcoming November election concerns property rights. This is currently a two-fold issue. One point is the industrial wind turbine concern. A few property owners want to use their property as they see fit to make money. But, on the other hand are the majority of property owners who are non-participating in the industrial wind turbine business. The non-participants will be forced to suffer the possible and or probable effects of ultra low frequency sound, audible noise, sun shadow flicker, strobing red lights at night, higher taxes, increased electric utility bills, encroachment on their property, decrease in property value, impaired vision of the rural landscape, loss of ability to build on their own property along with other trespasses. Industrial wind turbines will cause a loss of property rights on both sides of this issue. We have factual information to back up all of these items.","['N_2', 'N_3', 'N_8']","['C_11_0', 'C_13_0', 'C_14_0', 'C_20_0', 'C_21_0', 'C_22_0', 'C_6_0', 'C_7_0']"
63,"the obama administration recently published a
national strategy
to advance the offshore wind industry–developed jointly by the departments of energy and interior. the document notes that it is particularly important to ensure “efficiency, consistency and clarity in the regulatory process” for offshore wind, which is managed by
the bureau of ocean energy management at the interior department. the report suggests establishing more predictable review timelines and maintaining a reasonable level of flexibility given the early stage of the industry’s development.[iv]",['N_0'],['C_0_0']
64,"that’s why michigan, california, new york and illinois have already enacted laws that give state bureaucrats authority over land use – the ability to exercise eminent domain and other powers over local governments that want to slow or stop the onrush of enormous, heavily subsidized industrial wind, solar, transmission line and other “green” projects. more are likely to follow – depriving rural communities of their rights, property values and autonomy – to serve corporate interests that bankroll democrat pols.","['N_2', 'N_3', 'N_5', 'N_6']","['C_13_0', 'C_14_0', 'C_22_0', 'C_24_0', 'C_31_0', 'C_33_0']"
65,"well, the transition’s not happening. it’s not working. i’m talking to you from mudgee, james. well, we’ve been talking to local farmers and landowners in and around the area, such as wellington, where there’s these wind turbines and solar panels that are dividing the community. they’re ruining prime agricultural farmland, which is a threat to our food security. it’s pitted neighbour against neighbour. we’ve heard from locals about how these rapacious renewable energy companies are coming onto their land without permission. they’re given false information under false pretences. amy needs to come out here and to other parts of regional australia that are bearing the brunt of the so-called energy transition.","['N_2', 'N_3', 'N_6']","['C_17_2', 'C_25_2', 'C_32_5']"
66,"While local views of the proposed location for Cape Wind were a popular subject of comments, the view from West Virginia homes was raised by a handful of speakers who traveled from that state to testify.
“I’m here representing the people of Appalachia,” said Chuck Nelson, from Boone County, W.Va. “You know I used to like the view from my backyard but it’s been blown up.”
Nelson and other miners, who teamed up with the pro-Cape Wind group, Clean Power Now, said that mountain removal in the South was the alternative to renewable energy.
“Our entire mountain culture is being sacrificed for our so-called cheap energy,” Nelson said.
While most speakers sympathized with Nelson and his fellow miners, the Cape and Islands’ own culture was at stake, they said.",['N_2'],['C_17_0']
67,"Opposition veterans affairs spokeswoman Amanda Rishworth said Mr Turnbull needed to seek “clarification” on the wind farm proposal.
“If these reports are accurate they are incredibly concerning because it does have the possibility of disturbing the unmarked graves of many soldiers,” she told Sky News.
“This is a really significant site in Australia’s World War 1 history and I know that many family members and concerned Australian citizens are concerned at the fact that these unmarked graves and these sacred places these men now lie could possibly be disturbed.”",['N_2'],['C_17_1']
68,"In the meantime the wind turbines churn noisily, threatening the health, property values and spirit of an island community. It takes a lot of “greenwashing” to ignore what is happening to property owners near the wind turbines. DEP staff – only months ago—recommended that Fox Islands Wind reach out to neighbors to discuss legitimate grievances and options. The noise continues but FIW is silent.","['N_2', 'N_6', 'N_8']","['C_13_0', 'C_15_0', 'C_17_0', 'C_32_3', 'C_6_0']"
69,"The feels that the potential benefits justifying this construction do not compensate the institutional damage that would cause the change of the zoning, to allow a project of an industrial character in an area classified as a “hotel zone” in Polygon 5 of the Punta Cana-El Macao Tourism Development region, the country’s and the Caribbean’s largest.",['N_0'],['C_0_0']
70,"In a lengthy article published in this weekend’s edition of the Irish Field, Ms O’Brien writes: “The scale of the threat to heartland Irish industries such as bloodstock, tourism and agriculture and to all electricity bill payers from yet more costly, subsidised wind farms, and pylon blight from excessive wind farm development in Ireland is only just revealing itself.”","['N_2', 'N_3']","['C_11_0', 'C_20_0', 'C_24_0', 'C_25_0', 'C_25_1', 'C_25_2']"
71,"The National Hotels and Restaurants Association (ASONAHORES) demanded the respect of the territorial zoning in the tourism regions and suggested looking for another location for the wind energy park whose construction was begun in an area declared a hotel development zone in Punta Cana.
The organization feels that the “respect of the tourism territorial zoning is fundamental to assure the development and maintain the country as an attractive investment destination.”","['N_2', 'N_5']","['C_25_1', 'C_29_0', 'C_31_0']"
72,"contrary to gullible media exaggerations, capital costs for offshore wind have not fallen, and the sites are not economic at the recently announced prices. the developers are just gambling on the small chance of very high fossil fuel prices in the near future, or more likely on a high carbon price.”",['N_3'],['C_27_0']
74,"Two Wilmington groups representing low-income residents took opposing views. The Peoples’ Settlement, a social service organization, submitted a letter to the public advocate’s office arguing that the plan risked raising electricity bills beyond an acceptable level for low-income residents.
The state should reject the offshore wind farm in favor of buying renewable power on the open market, wrote the organization’s executive director, Keith Lake.","['N_2', 'N_3']","['C_19_0', 'C_20_0', 'C_28_0']"
75,"It also calls for a package of reforms, which includes moves to improve coordination on new infrastructure that could save £3-£6 billion by 2050, warning that the current rules were likely to increase energy bills.
Funding from the wealth fund should pay for upgrades to community facilities, enhancing local services and improving people’s skills in the area, with a typical one gigawatt (1GW) offshore wind farm providing around £2 million a year to local projects for the first 15 years.",['N_0'],['C_0_0']
76,"Outside studies conducted for Delmarva Power estimate that $17 to $22 would be added to every residential and small business customer’s electric bill every month to finance the project. Larger commercial and industrial clients, which represent most – about 70 percent – of the utility’s delivery, would not be affected. The rates only apply to Delaware customers.",['N_3'],['C_20_0']
77,"germany’s nuclear exit signaled its growing weakness as it shifted away from cultivating greater energy independence. the nation has transitioned from relying on russia for its natural gas to relying on china for solar panels and wind turbines. ninety-five percent of the solar cells in germany are manufactured in china. in addition, more than 50% of the raw materials used to construct wind turbines are sourced from china.
this past july, the german bundestag passed the onshore wind energy act to ramp up the construction of wind turbines across the country. germany’s green technology policies are only driving the country into the hands of china—and its reliance on wind is raising the price of electricity and slowing the economy.","['N_3', 'N_7']","['C_20_0', 'C_37_0', 'C_38_0']"
78,"uk wind farms were paid over £4.8 million ($7.88 million) to turn off their turbines over the holidays leaving tens of thousands of homes without power as storms hit the country. the payments, known as ‘constraint payments’, were paid because the national grid was unable to handle the extra wind power produced during the storms or because electricity usage was low. the ‘constraint payments’, which are paid to wind farms to turn off their turbines when winds hit up to 100 miles per hour, compensate firms for energy they are unable to sell. 
the payments are added to the bills of the country’s electricity consumers even though the storms resulted in power outages for thousands of homes.[i]","['N_3', 'N_4']","['C_20_0', 'C_26_0']"
79,"case in point: ridding america of crude oil will eliminate the lubricants for wind turbines.
the average wind farm contains roughly 150 turbines. each wind turbine needs 80 gallons of oil as lubricant, which is a pao (polyalphaolefin) synthetic oil based on approximately 12,000 gallons of crude oil. the oil for each turbine needs to be replaced once a year.
wind-turbine lubricants play a critical role in equipment operation, maintenance, and reliability of a wind farm. there are several lubrication points in a wind turbine, including gearbox, open gear, pitch gear, pitch bearing, rotor shaft, yaw bearing, yaw gear, hydraulic systems, and generator bearings. these points require various lubricants such as gear oils, hydraulic oils, and greases.
gear oil is used in lubricating gearboxes; grease is used on the main rotor shaft bearing, yaw bearing, pitch drive gears, blade bearing and generator bearing. hydraulic fluid is used in hydraulic systems for blade pitch control. improper or insufficient lubrication can lead to significant maintenance and operations cost or equipment downtime.
it is estimated that 3,800+ turbines would be needed to power a city the size of new york. that’s over 304,000 gallons of refined oil for just one city.",['N_1'],['C_2_2']
80,"yet these natural resources go largely untapped due to misguided environmental policies. states and companies are pressured to pursue decarbonization as part of a collection of “environmental, social, and governance” (esg) policies. promoted by progressive interest groups and democratic governors and state lawmakers, these policies encourage divestment of fossil fuels and the use of renewables such as wind turbines and solar panels.
this is a boon to beijing. the heritage report notes that china has a dominant market share in the production of many green energy resources, including 90% of the world’s battery storage market, 66% of global solar panel production, and 50% of wind turbine production. countless other renewable energy components and technologies depend to a large extent on chinese supply chains.
meanwhile, states and corporations are encouraging the replacement of the internal combustion engine, which uses gasoline or diesel fuel produced in american refineries, with battery-powered electric vehicles, whose batteries are made in china. all major automakers except toyota motors have promised to sell only battery-powered electric vehicles after 2035.
these environmental policies make the american economy more reliant on china, america’s adversary and a country with a poor record both on the environment and on human rights.",['N_7'],"['C_37_0', 'C_38_0']"
81,"ipa research shows that one third of australia’s prime agricultural land will need to be covered in solar panels and wind turbines to meet energy demand forecasts by 2050, on top of this, aemo’s plan calls for close to 10,000 km of new and upgraded transmission lines.“policymakers cannot escape the reality of the impact wind and solar energy generation will have on australia’s landscape, particularly on our prime agricultural land, which will have to be sacrificed to satisfy net zero mandates,” said mr wild.“yet the leadership of aemo is barracking for such an outcome. it is clear aemo is suffering from mission creep under its current leadership. australians need affordable and reliable energy, not a regulator advocating for ideologically based outcomes that will undermine our energy security.”","['N_3', 'N_4', 'N_5', 'N_7']","['C_25_2', 'C_26_0', 'C_30_0', 'C_4_0']"
82,"There is an existing tower within less than one mile on Arnold Highway, owned by Dominion Broadcasting. The Toledo television station objected to the weather tower as a potential interference to its television broadcast signal.",['N_0'],['C_0_0']
83,"in a presentation to sedgwick county commissioners when nextera’s proposal for the construction of new wind facilities was discussed, dave yearout, principal planner for wichita and sedgwick counties, 
cited research showing wind facilities can cause dangerous atmospheric conditions more than five miles from where large wind turbines are located, which he said could affect small aircraft using small airports and private landing strips across the counties and training exercises at mcconnell air force base.
subsequently, the sedgwick county commissioners banned commercial wind facilities from the county and enacted new permitting requirements for commercial solar energy industrial facilities, to protect aviation and small airports in the area. under the county commission’s new regulations, passed in mid-august, large-scale solar facilities will have to receive faa approval if they are to be sited within a mile of airport facilities.","['N_7', 'N_8']","['C_12_0', 'C_35_0', 'C_36_0']"
84,"It’s difficult for farmers using large modern equipment to pivot around bigger [wind turbine] poles and sometimes it results in them either missing or double seeding and double fertilizing cropland near the poles, Bradley said.",['N_3'],['C_25_2']
85,"The wine industry also could be harmed, said state Rep. Mary Dye, R-Pomeroy.
The Horse Heaven Hills has 27 percent of Washington state’s total grape production and produces some of the state’s most coveted wines, she said.
In west Texas, wind turbines have been found to raise temperatures about three-quarters of a degree and change the microclimate of the land, she said.
“I’m very concerned about the impact this change could make. It could devastate some of the area’s most important wine production areas,” she said.",['N_3'],['C_25_0']
86,"it might be okay for billionaires and inner-city elites to live with expensive and unreliable energy. they can afford such an extravagant fashion statement and have private generators on standby for when the rolling blackouts come around.however, it is the mainstream australians in the regions and outer suburbs that will feel the relentless blows through ever-increasing power bills, making it difficult to make ends meet. it will be the power plant workers and miners who will lose their jobs, and regional communities built around coal and coal-fired power generators, that will be the most devastated by the elites’ vanity project.the imminent power price hike coming to households and small business are not ‘very small. it is contributing to the cost-of-living crisis suffered by australian families and sheeting home the cold-hard reality that more renewables under net zero means higher prices and lower reliability.","['N_2', 'N_3', 'N_4']","['C_19_0', 'C_20_0', 'C_22_0', 'C_23_0', 'C_26_0']"
87,"Why is it that Ogle County never prospers from those kinds of decisions? Only the owners, unions and workers from outside Ogle County, lobbyists, and others we don’t hear about, are the ones to gain financially and get the tax advantage ($40 an acre). Why is it Ogle County residents will not benefit in any way?","['N_2', 'N_3']",['C_22_0']
88,"Baldwin County Commissioner Tucker Dorsey does not oppose alternative energy. He said, however, it would have a significant impact on the landscape and an insignificant impact on the economy.
“They’ll be between 400 and 500 feet tall, taller than any condominium we have at the beach. You’ll be able to see them from the Causeway,” said Dorsey. “It’s not like make wind turbines here. We don’t have contractors in Baldwin County that are built 500 foot wind turbines. We’re not buying the components locally. They’re not hiring labor locally. It only takes one or two people to maintain them. So it doesn’t generate any economy in Baldwin County.”","['N_2', 'N_3']","['C_11_0', 'C_23_0']"
89,"There is yet another irony in the jobs numbers: while social advocacy organizations can claim 20,704 green jobs, the renewable portion of the electric power generation industry (wind, solar, biomass, and geothermal) have only 4,700. So it looks as if more people have jobs promoting green energy than making green energy.","['N_3', 'N_6']","['C_23_0', 'C_32_3']"
90,"according to murdo fraser, a senior tory msp: “families who are struggling with overstretched household budgets at christmas time and have to meet ever-increasing energy bills will be horrified to see such vast sums of their money being paid to wind power companies for doing nothing. this exposes once again the over-reliance on wind developments as part of our energy mix when the grid capacity doesn’t currently exist to properly utilize the power produced.”","['N_3', 'N_4']","['C_20_0', 'C_22_0', 'C_26_0']"
91,"once wind and solar plants are built and paid for, they represent almost a free resource for producing electricity since there is no associated fuel cost and as such they would normally be dispatched before other technologies. but, there are other issues associated with china’s low capacity factors for their wind and solar units that make them less productive than those in the united states, including the inferiority of chinese wind turbines and solar panels, poor site selection or geography to obtain high wind speeds, a lack of adequate transmission lines to connect to the grid, and long distances over which the electricity has to be transmitted to reach population centers.",['N_0'],['C_0_0']
92,"The still-emerging links of the mafia to the once-booming wind and solar sector here are raising fresh questions about the use of government subsidies to fuel a shift toward cleaner energies, with critics claiming huge state incentives created excessive profits for companies and a market bubble ripe for fraud. China-based Suntech, the world’s largest solar panel maker, last month said it would need to restate more than two years of financial results because of allegedly fake capital put up to finance new plants in Italy. The discoveries here also follow so-called “eco-corruption” cases in Spain, where a number of companies stand accused of illegally tapping state aid.","['N_3', 'N_6']","['C_24_0', 'C_32_0', 'C_32_5']"
93,"Sen. Lamar Alexander, R-Tenn., a prominent opponent of the subsidy, criticized the tax credit in an statement to Roll Call as “a colossal, unjustified waste of taxpayer dollars at a time when the nation has an unsustainable debt.”
“The subsidy is so large that it allows wind developers in some markets to literally give away their electricity,” Alexander told the publication. “This in turn is forcing utilities to shut down nuclear plants and coal plants. After 20 years, there is no excuse for continuing to extend this subsidy of a mature technology, which was intended to jumpstart an industry.”","['N_3', 'N_6']","['C_24_0', 'C_28_4', 'C_28_5']"
94,Wind energy subsidies misdirect capital investment away from economically productive uses,['N_3'],['C_24_0']
95,"four years ago, the model for a “green economy” was spain, but as its economy crashed, it dumped the subsidies. if spain truly believed subsidizing wind power strengthened its economy, it would have increased the subsidies.",['N_3'],['C_24_0']
96,Local residents fear it’s a recipe for disaster. They’re worried vibrations from the giant turbine 49-storey wind turbines could destabilize the underground gas storage “pool.”,"['N_2', 'N_8']","['C_12_0', 'C_18_0', 'C_8_0']"
97,"Although it’s a provincial issue that’s out of his jurisdiction, Lobb said there is a “great energy mix” already and believes the focus should be on promoting nuclear power at the Bruce site and elsewhere in the province, rather than on wind along the lake shore. He also had questions that need answering about ice issues, depth and proximity of turbines to the shoreline, as well as the impact on tourism and private property.","['N_2', 'N_3']","['C_13_0', 'C_25_1', 'C_28_4', 'C_29_0']"
98,"That neighboring wind farm, which began operations in 2020, was a warning to some residents of Marshall County, who say the looming turbines, blinking red lights, engine humming and whooshing sounds when the blades rotate past the turbine’s tower will diminish their quality of life.","['N_2', 'N_8']","['C_11_0', 'C_6_0']"
100,"“People don’t come here to see high-voltage transmission lines and 600-foot towers. People come here for the open-unspoiled views,” Andresen said.","['N_2', 'N_3']","['C_11_0', 'C_25_1']"
101,"The wind industry generates pollution – albeit unconventional forms of it, such as noise, light, and visual pollution. It will attract the same animosity as more traditional, dirty forms of energy production if the industry fails to acknowledge, and address, its responsibilities.","['N_2', 'N_8']","['C_11_0', 'C_6_0']"
102,"Western Cape motorists should prepare themselves for major disruptions during the next few years as massive loads consisting of wind turbine components are transported by road from harbours to wind-generating sites, many of them along the West Coast.
Preparation work on the roads will include the “significant” restructuring of some intersections, along with the temporary removal of signs and fencing to accommodate the extremely long and heavy loads, the Windaba 2011 wind energy conference at the Cape Town International Convention Centre heard yesterday.",['N_2'],['C_18_1']
103,"for golden eagles, a goal of the 2016 eagle rule was to increase compliance and improve consistency and efficiency relating to permitting golden eagle take at wind-energy projects. however, those goals have not been realized. while participation in the permit program by wind energy projects has increased since 2016, it still remains well below our expectations. low application rates and permit-processing requirements that some have perceived as burdensome have resulted in few permits being issued for wind projects as compared to the number of operational wind projects in areas where golden eagles occur. as a result, golden eagles continue to be taken without implementation of conservation actions to offset that take.","['N_1', 'N_5']","['C_1_1', 'C_30_0']"
104,"the multibillion-dollar electric power line project, financed by a group called sunzia, would connect wind power facilities in eastern new mexico to the electric grid and supply power to arizona and california.
about 45 miles of the transmission lines would be located in a ""restricted zone"" because it would overlap an army missile testing ground at new mexico's white sands missile range.
'national security risk'
rep. steve pearce, r-n.m., says the plan would compromise the military base's central mission of testing cruise missiles and ""create a serious national security risk."" new mexico gov. susana martinez has also weighed in, saying: ""i am seriously concerned that the planned route for the project"" poses ""an unacceptable national security risk.""",['N_7'],['C_36_0']
106,"“The wind projects that are already in development will … degrade military training in North Carolina,” said Bottorff, a member of the North Carolina Military Affairs Commission.
Bottorff warned that mitigation to allow for construction and operation of the skyscraping wind turbines could be a death knell for North Carolina military bases.",['N_7'],['C_36_0']
107,The local ratepayer cannot assume the burden of national taxpayers. What the proponents of the Long Island Offshore Wind Project were unwilling to recognize is that the offshore industry in Europe owes its existence to national commitments that pick up at least a quarter of the development costs. It is unsustainable to expect 1 percent of the country to carry the load in development of renewable energy.,['N_3'],"['C_21_0', 'C_24_0']"
108,"ASONAHORES adds that the respect to the territorial zoning is vital, and the fact that Law 305 categorically establishes that the use of the marine strip can only be authorized for tourism activities or works of public interest, and in this case it’s a private power company.",['N_5'],['C_31_0']
109,"I believe that climate change is not man-made, but has probably been made worse by man and we should have an education process to reduce emissions. However, the Kyoto agreement, if followed through, will cost 150 billion each year.
I believe that the majority of that money should be spent elsewhere.
Climate change is big business, but should not be given priority, as it has been, before solving problems such as famine, disease and poverty.
A report, from a team made up of eight of the world’s most prominent economists, concluded that HIV/Aids, hunger, free trade and malaria were the world’s biggest and most solvable problems, and in that order.
One example – a comprehensive programme to prevent Aids would cost 27 billion. Yet it is said that the social benefits would be immense; it would avert more than 28 million new cases by 2010.
Programmes have been costed in respect of other diseases, hunger and establishing free trade, but climate change is given priority for the funding from the G8 countries.
From the little I know, I personally feel that is wrong.",['N_0'],['C_0_0']
110,"the u.k. is well on its way to meet its renewable energy targets in its generating sector for 2020 with over 29 percent of its electricity currently being generated from renewable energy resources. however, the generating sector alone will not get the country to achieve its greenhouse gas target of 80 percent reduction by 2050 from 1990 levels. to accomplish that goal, reductions are needed in its transport and heat sectors, where little progress has been made to date. to achieve those goals, the u.k. may need to ban gasoline and diesel vehicles and take other actions to encourage reductions in the heating sector.",['N_0'],['C_0_0']
111,"the harvard researchers found that the warming effect of wind turbines in the continental u.s. would be larger than the effect of reduced emissions for the first century of its operation. this is because the warming effect is predominantly local to the wind farm, while greenhouse gas concentrations must be reduced globally before the benefits are realized. the direct climate impacts of wind power are instant, while the benefits of reduced emissions accumulate slowly.",['N_1'],['C_2_0']
112,"it is also well below what germany needs to meet its target of 65 percent renewable electricity by 2030 as part of its energy transition, energiewende. germany gets 40 percent of its electricity from renewables today. the european union is counting on germany to attain its target so that it can meet its own 32 percent renewable energy target. furthermore, offshore wind cannot fill the gap, as germany is scheduled to build less than 15 percent of what is required—about 730 megawatts per year of offshore wind through to 2030.",['N_0'],['C_0_0']
113,"wind farms increase the temperature of the soil beneath them, which causes soil microbes to release more carbon dioxide, increasing the carbon emissions from natural sources.
large-scale solar power plants create a solar heat island effect. temperatures around one
solar power plant
were
5.4 degrees to 7.2 degrees fahrenheit warmer
than nearby wildlands.",['N_1'],['C_2_3']
114,"just as importantly, biden’s preferred wind and solar power impose their own substantial unique environmental harms. a peer-reviewed study recently published by harvard university scientists concludes that replacing conventional electricity with wind power would require covering one-third of the american landmass with wind turbines. requiring electrified vehicles would require covering fully half of the american landmass with wind turbines. either option would require the unprecedented destruction of wildlife and wildlife habitat on a horrendous scale. that would also be far worse for the environment than any plausible global warming scenarios.",['N_1'],"['C_1_0', 'C_2_0', 'C_4_0']"
116,"in addition, although it may shock many greens, higher prices thanks to the focus on renewables and discouragement of oil and gas production (and the higher costs for electricity and transportation that they have brought in their wake) will bring practically no climate benefits. even completely eliminating all fossil fuels from the united states would result in less than 0.2 degrees celsius in temperature mitigation by 2100, according to
research using
the epa’s own climate models.","['N_1', 'N_3', 'N_4']","['C_20_0', 'C_27_0', 'C_2_0']"
117,"your advocacy of “renewable” energy is fashionable but misplaced. using 14th-century technology to address a 21st-century non-problem would be silly enough in itself. what is worse, however, is that “renewables” have not only quadrupled the price of electricity but have also added to co2 emissions. the chief reason for this apparent paradox is that the more windmills and solar panels are connected to the grid the more grossly-inefficient, co2-emitting spinning reserve must be maintained in the often vain hope of preventing blackouts when the wind stops or the night falls.","['N_2', 'N_3', 'N_4']","['C_20_0', 'C_26_0', 'C_2_2']"
118,"president biden intends for the united states to have a zero-carbon generating sector by 2035. to do so, the grid’s carbon-producing electric technologies that generate over 50 percent of the country’s electricity must be replaced with wind and solar energy. wind turbine costs are estimated to increase by 10 percent over the next 12 to 18 months as the costs for the materials needed to make turbines and the costs for transporting them increase. one of the major components of a wind turbine is steel and china makes 57 percent of the world’s supply. steel production is very carbon-intensive, so china would need to scale it back to meet its commitments to the paris climate accord. but, china shows no signs of doing so as it is building additional blast furnace facilities that last 5 decades or more. china also uses coal for over 50 percent of its energy needs—the most carbon intensive energy fuel. it is unlikely that china will meet its paris climate commitments, but president biden is ignoring that issue and forcing americans to comply with his goals. sound familiar?","['N_1', 'N_3', 'N_4', 'N_7']","[‘C_27_0’, 'C_2_1', 'C_37_0', 'C_38_0']"
119,"the osage tribe opposed the project because of its potential intrusion on sacred burial sites, as well as the 420-foot-high turbines’ deadly impact on eagles.","['N_1', 'N_2']","['C_17_1', 'C_17_3', 'C_1_1']"
120,"the cape wind project has been opposed by organizations and individuals citing the following problems: hurting ocean views from homes and beaches, lowering property values, hurting the fishing and yachting industries and marine life, being too close to shipping lanes, privatizing of public property, and ruining the ancient religious rituals of the wampanoag indian tribes.","['N_1', 'N_2', 'N_3']","['C_11_0', 'C_13_0', 'C_14_0', 'C_17_3', 'C_1_2', 'C_25_3', 'C_25_4', 'C_5_0', ‘C_16_0’]"
121,"This is without even considering the extensive greenhouse gases produced by constructing these huge towers; shipping them across the ocean; trucking them to wherever the wind industry has overridden the local folks and imposed a wind “farm,” and building them.","[’N_1’, ’N_2', 'N_6']","['C_15_0', 'C_2_1', ‘C_5_0’, ‘C_32_5’]"
122,"“The PSB was under heavy political pressure to demonstrate that industrial-scale wind projects can be approved in Vermont” stated Greg Bryant, a Sheffield resident and member of Ridge Protectors. “They did not address a U.S. Fish & Wildlife Service letter that indicated UPC’s bird and bat studies were flawed. In addition they did not acknowledge that UPC has exceeded permitted noise levels at their Mars Hill, Maine project and continues to operate there without undertaking mitigation measures, said Bryant.","['N_1', 'N_5', 'N_6', 'N_8']","['C_1_1', 'C_30_0', 'C_32_1', 'C_32_5', 'C_6_0']"
123,"I write to address the article in last week’s Jamestown Press – “Turbine Sparks Veiled Threat.” In the story, a Providence attorney named Brian Lamoureux, who has been hired by the Rhode Island Turnpike and Bridge Authority, states that there is great danger that “shadow flicker” may distract drivers driving on the Newport Bridge or elsewhere nearby.",['N_8'],"['C_12_0', 'C_7_0']"
124,"They also expressed concerns over the noise, vibrations, visual impact, decreased house prices and shadow flicker from the blades, which they claimed could cause cars to swerve off the road.",['N_8'],"['C_12_0', 'C_7_0']"
125,"A 60-meter-high wind turbine [Gamesa G80] near a nuclear power plant in northern Kyushu caught fire on Aug. 21, posing difficulties for fire-fighting efforts from the danger of falling parts.
A resident reported the blaze at the Kushizaki wind-generating power plant in an emergency phone call at around 2:55 p.m. One of the turbine blades and the connecting area around the base of the blades caught fire, according to Saga prefectural police and fire department officials.
The blaze was confirmed extinguished at around 6:50 a.m. of Aug. 22. No injuries were reported.
A fire department spokesperson said firefighters were unable to shoot water at the flames due to the fear of falling debris.",['N_8'],['C_12_0']
126,"Blades of a wind turbine totaling 100 tons fell off 140 meters and broke into pieces in the Mekong Delta province of Bac Lieu on Friday.
Residents of Hoa Binh District heard a loud noise at around 5 p.m. Friday and saw wing blades at Hoa Binh Wind Power No. 5 fell to the ground. No person was injured.
Authorities of the district were seen on site Saturday morning to examine the accident.
The blades, each of which is 80 meters long and three meters wide, broke into many pieces in an area of 50 square meters.
The project was being developed by Hacom Bac Lieu Energy.
The blades also damaged a storage house of a local fish farm. There were three people in the house when the blades dropped but no one was hurt, said Nguyen Van Kien, owner of the farm.
Wind turbine blades are made by light materials such as plastic and fiberglass. The inside of a blade was exposed after the fall.
The turbines in the project have been suspended after the incident.
The rotor, which weighs dozens of tons, created a hole of five meters deep.
The incident also broke the project’s internal power line.",['N_8'],['C_12_0']
127,"Neither the state nor the towns have the equipment that can cope with turbine fires and their spreading blazes in steep, remote and heavily winded areas. California alone has now experienced at least eight forest fires caused by broken, flaming turbines.
And the taller the turbines, the more susceptible they are to fires from lightning strikes. I think all of Maine’s wind towers will be at least 400 feet tall. But lightning strikes cause only a minority of the world’s turbine fires
– most are due to mechanical malfunctions.","['N_5', 'N_8']","['C_12_0', 'C_30_0']"
128,"In light of the recent blaze at Currandooley, the rejection cites the increased bush fire danger due to the “additional vegetation planting to reduce visual impact” and obstruction from the proposed turbines for fighting fires from the air.",['N_8'],['C_12_0']
130,"“these sources of energy are not only intermittent and expensive, but they also are hardly ‘green’ in nature,” he said. “in fact, they are fabricated from minerals mined in parts of the world with terrible environmental standards, are toxic in nature, and pose a clear and present threat to endangered species such as whales and eagles.”","['N_1', 'N_3', 'N_4']","['C_1_1', 'C_1_2', 'C_26_0', 'C_27_0', 'C_3_0']"
131,"According to chief executive of the Slovak Ornitological Society/Bird Life Slovensko Rastislav Rybanic, wind-power plants have a dramatic effect on local wildlife and the environment. The spinning blades emit negative vibrations, and so should be placed at least 1.5 kilometres from residential areas. A project of this scale also calls for a detailed study of its effect on wildlife, and especially migrating birds.","['N_1', 'N_8']","['C_1_0', 'C_1_1', 'C_8_0']"
132,"But Bird also had bad news.
“We see negative impacts for Henderson for areas that have views of the Galloo Island facility should it be built,” Bird said.
That means homes with a direct view of Galloo Island and the spinning turbines could see their property values drop as much as 23 percent. That’s a high estimate. 
Robert Ashodian’s  home overlooks the lake, and to his dismay, Galloo island.
“That is very visible to my property and the homes next to me are high price houses.”","['N_2', 'N_3']","['C_11_0', 'C_13_0', 'C_21_0']"
133,"Nick Kurtegli noted he’s building a house at on Irish Creek Road, that’s on the north end of the projected area
“There’ve been three new houses within a mile of me, all within the last seven years,” he said. “There’s property being bought and houses built. That will stop immediately if there are turbines everywhere.”",['N_2'],['C_13_0']
134,"“We’re concerned that (seabirds) could fly into the turbines, particularly if it’s really foggy,” Welch said. “These birds are already traveling long distances, and if they have to fly around a wind turbine array – some of these they’re proposing are hundreds of turbines – will they have the ability to make the same flights, or will this be too much for them?
“We’re hoping we can find a place that will be good for wind development that will also not be harmful to seabirds.”",['N_1'],['C_1_1']
135,"If wind farms are built in their migration route, it could increase stressors the ducks face.
“If they have to fly around one farm, that’s not a big deal,” Therrien said. “But say there’s wind farms up and down the coast. … It could be another factor that will add to the physiological stress of the birds” and increase mortality.",['N_1'],['C_1_1']
136,"Dr William Fowlds, chairman of Indalo, the association of private game reserves in the area, said although the proposed Grahamstown wind farm comprised just nine turbines, “we are concerned it is the thin end of the wedge”. “We have been told by environmental consultants involved in this project that this is one of 30 to 60 wind farms proposed for the Eastern Cape and if this one is approved it will open the door for the rest. “Besides our concerns about bird and bat strikes, in terms of the visual aspect this would transform a landscape attractive to eco-tourists to an industrial landscape.","['N_1', 'N_2', 'N_3']","['C_11_0', 'C_1_1', 'C_25_1']"
137,"Everyone driving, walking their dog, fishing, boating and hunting inland and along Superior’s south shore that now views the majesty of these mountains will have this industrial intrusion thrust into their life.
These large wind farms might be a beatification project off the coast of industrial Detroit or New Jersey. For most of us, they will be an eyesore that lowers our quality of life.","['N_2', 'N_8']","['C_11_0', 'C_17_0', ‘C_16_0’]"
138,"We are also opposed to these turbines being installed on private property in western Maryland. Much research has revealed that it will cause wildlife mortality, avian mortality, wildlife habitat loss and destruction, public land loss to recreational activities, and public access denied to both public and private lands because of liability issues where these turbines are installed.","['N_1', 'N_2']","['C_14_0', 'C_16_0', 'C_1_0', 'C_1_1']"
139,"The county also expressed concerns about how the [wind] project might affect the Tug Hill Aquifer, nearby wetlands, hunting and other outdoor sports that draw tourists to the area in its comments to the state Public Service Commission.","['N_1', 'N_2', 'N_3']","['C_1_0', 'C_25_1', 'C_25_3', 'C_3_0', 'C_9_0', ‘C_16_0’]"
140,"a wind turbine in wisconsin collapsed, leaving a crater and debris strewn across a field. the blades and top portion of the wind turbine collapsed in dodge county, near the town of herman in southern wisconsin. the ge turbine, which is part of the butler ridge wind farm, stands about 400 feet above the ground. the collapse was so massive that it caused nearby houses to shake.","[’N_8’, ’N_2’]",['C_12_0']
141,"look, amanda, you make a really important point [about the wind project]. at a meeting earlier today, we met with the cfa official and the information that he provided us was shocking and concerning. it is clear, based on that information, that people will die as a result of this because they cannot adequately control and manage bushfire risk when you have these massive steel apparatus being set up across the countryside. they have been telling this and feeding this back into our political leaders and those making these decisions and they’re simply not listening and the community is absolutely beside themselves.","['N_2', 'N_5', 'N_8']","['C_12_0', 'C_32_4']"
142,"ipa research shows that one third of australia’s prime agricultural land will need to be covered in solar panels and wind turbines to meet energy demand forecasts by 2050, on top of this, aemo’s plan calls for close to 10,000 km of new and upgraded transmission lines.“policymakers cannot escape the reality of the impact wind and solar energy generation will have on australia’s landscape, particularly on our prime agricultural land, which will have to be sacrificed to satisfy net zero mandates,” said mr wild.","['N_2', 'N_3', 'N_4']","['C_25_2', 'C_4_0']"
143,"Effects [of wind projects] on humans range from dizziness, and nausea to concerns about dirty electricity and the potential for electromagnetic waves to cause an irregular heartbeat or atrial fibrillation. Sleep disturbance, not simply awakened, but awakening in a panic (“flight or fight”), Headache, Tinnitus, Ear Pressure, Vertigo, Visual blurring, Tachycardia, Irritability, problems with concentration and memory, Panic episodes associated with sensations of internal pulsation or quivering, which arise while awake or asleep. (This latter involving other, thickening of arteries, non-vestibular organs of balance, motion, and position sense.)",['N_8'],['C_10_0']
144,"Residents said the power line [from the wind project] will degrade natural areas with a 250-foot-wide clearcut, increase the likelihood of wildfires linked to transmission lines, cause health issues from electromagnetic fields, blot the land with an eyesore and damage the wagon tracks of the Oregon Trail.","['N_1', 'N_2', 'N_8']","['C_10_0', 'C_11_0', 'C_12_0']"
145,"Other issues [with the wind farm] include vibration, noise and electromagnetic issues [leading to health problems]. Delfino later told ECM that fire is also an impact that was in her notes to discuss, but time ran short","['N_2', 'N_8']","['C_10_0', 'C_12_0', 'C_6_0', 'C_8_0']"
0,"This will leave a yawning gap between supply and demand for electricity in the province. And it’s a baseload gap that cannot be filled with wind and solar. A lack of planning – we could have built up storage capacity to collect surplus wind and solar and feed it back into the grid when needed – means the province has no choice but to replace non-polluting nuclear with fossil fuel generation, according to the IESO projections.","['N_4', 'N_5']","['C_26_0', ‘C_2_2', 'C_28_4']"
1,"In order to obtain clean energy, hydropower and photovoltaics should be expanded instead of erecting 180-meter-high wind turbines, ""just because it's in"". The Lungauer also speaks out in favor of the Murkraftwerk project in Ramingstein, which was shelved earlier. Wind turbines, on the other hand, should be erected in lowlands.",[’N_5'],"['C_28_3', 'C_29_0']"
2,"for those of us who focus on the costs and benefits of various kinds of power plants within a grid system, it appears there has been an orchestrated effort through media, advertising, and public relations – even government agencies – to mislead the public about the value proposition of wind and solar.  “the duty cycle for intermittent renewable resources, wind and solar, is not operator controlled, but dependent on the weather or solar cycle (that is, sunrise/sunset)..(and so) their levelized costs are not directly comparable to those for other technologies..”","['N_4', 'N_6']","['C_26_0', 'C_32_3']"
3,"nor has there been any significant change in energy consumption. world energy consumption has tripled since 1965. from 2004 to 2021, the world spent about $5 trillion to promote renewable energy and installed more than 300,000 wind turbines. but in 2021, coal, oil, and natural gas still provided 81 percent of global energy consumption, the same percentage as in 1999. the cop climate conferences can best be characterized as futile.","['N_3', 'N_4']","['C_26_0', 'C_27_0', 'C_2_2']"
4,"yeah, well, that’s the issue. [this wind project has] been mis-sold, i think. the amount of storage that you would need just to solve the problem on paper is enormous. and when you start to cost that in, you see these very, very high costs. and then beyond that, the question in my mind is, will this system even work on a technical level? will it have the stability and the resilience and the robustness to maintain power at all times? will the frequency remain stable? will the voltages remain stable, or will the system be very vulnerable and subject to collapse, which is what i and many other engineers think will be a problem?","['N_3', 'N_4', 'N_6']","['C_26_0', 'C_27_0', 'C_32_3']"
5,"daniel wild:wind and solar can play a role on the energy system, but there’s really no social licence to be doing this.",['N_2'],['C_5_0']
7,"the turbines will be at least 906 feet in height (their blades, nearly as tall as the empire state building), with each tower weighing up to five million pounds. the approach approved by boem will provide at least a 0.81 nautical mile buffer between the ocean wind 1 wind turbines and the turbines for proposed nearby offshore wind project atlantic shores south. the buffer is designed to “minimize impacts to navigation and vessel traffic and commercial and recreational fishing.”",['N_0'],['C_0_0']
8,"there are however some very specific links between mortality and sonar survey blasting in the broader sense. first of all, the east coast humpback whale mortality rate roughly tripled beginning in 2016, which is just when offshore wind surveying really geared up. i discuss this in my article here: https://www.cfact.org/2023/01/23/evidence-says-offshore-wind-development-is-killing-lots-of-whales/. the recent humpback deaths look to be part of this long term trend. the noaa faq suggests that this huge 2016 jump in mortality might be due to a big increase in humpback numbers. this conjecture is falsified by the fact that the dramatic die-off of the severely endangered north atlantic right whales (narw) also started in 2016. given no other apparent cause, the ongoing sonar blasting surveys are the likely link between offshore wind development and ongoing elevated whale mortality. thus sentence two is false. there is a likely link.",['N_1'],"['C_1_2', 'C_32_1']"
9,"on the operations side they specifically list the impact of “project-related underwater noise”. but under avoidance, minimization and mitigation there is nothing on this topic. nothing! it is this endless noise that might push the migrating whales into the deadly nearby shipping lanes. there might be some discussion in appendix r but it is all secret.","['N_1', 'N_5', 'N_6']","['C_1_2', 'C_30_0', 'C_32_2']"
10,"Strathy resident Benny Manson was unequivocal in his condemnation of the proposal. Mr Manson claimed turbines should be sited offshore to prevent the blight he said they cause to communities throughout the country.
“We live here and we don’t want your goddamn wind farm,” he told the Perth-based SSE trio. “All you’re doing is causing problems for everyone ““ you’re going to screw up this area.”",['N_2'],"['C_11_0', 'C_28_2', ‘C_5_0’, ‘C_29_0’]"
11,"in contrast, wind and solar generators are being built because they benefit from massive federal subsidies and often have guaranteed offtake contracts with large commercial and industrial users or municipal power utilities, all of whom want to claim they are 100% powered by renewable energy. of course, those claims omit the fact that we are all paying for backup power to support the grid when the wind and sun aren’t available.","['N_3', 'N_4', 'N_6']","['C_24_0', 'C_26_0', 'C_32_3']"
12,"republicans are almost totally opposed (with possible exceptions such as mary bono mack (r-calif.), who has an enormous windmill farm in her district). that unity has some democrats skittish. they recall the party-line 1993 house vote for pres. bill clinton's proposed btu tax, which was blocked in the u.s. senate. the vote became a major factor that helped create a gop majority in 1994's elections. the concern is whether history might repeat itself.",['N_0'],['C_0_0']
13,"industrial wind developers wield far too much influence over public policy, says craig rucker, president of the committee for a constructive tomorrow (cfact).
“although it’s encouraging to see people stand up to an industry that has gamed the system while defacing the countryside with gigantic turbines and unwanted power lines, sadly ‘big wind’ just got another extension on its decades-old federal subsidy and continues to throw its weight around at the state and local level,” rucker said.","['N_2', 'N_3', ’N_6’, ’N_5’]","['C_11_0', 'C_24_0', 'C_32_5']"
14,"i am thankful that we, because of tppf, will have the chance to represent our state’s fishermen and have our day in court to rectify this injustice. the american people are being lied to and they deserve the truth about offshore wind, not the slick pr, or webinars, or promises of thwarting climate change, brought to you courtesy of the emperor’s new wind clothes salesmen.
the fact is the promises are empty. u.s. commercial fishermen have been cast aside by our own federal government for no reason other than they are in the way of a contingent of our federal and foreign governments’ agendas. our own government will put american family businesses out of work, all for a lie—a lie which could cost commercial fishermen their jobs, their livelihoods, and their very lives if it isn’t stopped before it’s too late.","['N_2', 'N_3', 'N_6']","['C_23_0', 'C_25_3', 'C_2_0', 'C_32_0', 'C_32_3']"
15,"so why hasn’t boem acknowledged that it does not know noise impairment levels for large whales, and why hasn’t it revealed the existence of this program, which will produce the information it is “required to know” under the mmpa and esa?
the reason is obvious. the studies are being conducted right now and have not yet been completed. the final report  and conclusions of the studies are not scheduled for completion until june, 2025, almost two years from now.
boem is obviously hiding the existence of these critical studies. boem does not yet know the impact of sonar signals on baleen whales, it is very clear that under the marine mammal protection act boem is required to rely on ” the best scientific information available” in crafting underwater noise regulations. in its rush to authorize offshore wind construction before the elections in november 2024, boem is relying ln guesswork, and outdated guesswork at that. the federal code of regulations make it very clear that boem cannot hide behind the excuse that this critical information is not available, when it knows full well that the data will be derived from ongoing studies that are organized and funded by boem itself.
 at a minimum, this set of facts would support a temporary injunction prohibiting boem from issuing further ihas until the studies have been completed and the data has been incorporated into definitive regulations. any final environmental impact statement issued by the epa which fails to incorporate the data to be derived from these latest studies will be de facto misleading and de jure uinlawful.
when boem claims that “there is no evidence” linking the recent outbreak of whale deaths due to sonar testing, it is engaging in obvious and easily provable deception. this is a classic case of gaslighting. boem cannot sweep its “knowledge gap” concerning right whale noise impairment under the rug and expect the courts to approve any further offshore wind development.","['N_1', 'N_5', 'N_6']","['C_1_2', 'C_30_0', 'C_32_2', 'C_32_4', 'C_32_5']"
16,"craig rucker, president of cfact, has criticized dominion’s project as a “get rich quick boondoggle”. he adds: “this is just one more indication of dominion’s bad faith and attempted cover-up by sidestepping regulations that would not only protect the right whale but also help save many other marine species whose lives will be put in jeopardy by this unwanted and unnecessary project.”","['N_1', 'N_5', 'N_6']","['C_1_2', 'C_30_0', 'C_32_2', 'C_32_5']"
17,"battery projects are expensive and not included in the cost of solar and wind power when determining what technologies should be built, i.e., in the “levelized cost” projections often used to estimate relative costs of generation sources. as a result, consumers are seeing and will continue to see higher electricity prices.","['N_3', 'N_4']","['C_20_0', 'C_27_0']"
18,"offshore wind is expensive
the $126 million cost of the 20.7 megawatt wind farm equals a cost of $6.1 million per megawatt, which is 12 percent more expensive than the average cost of offshore wind ($5.4 million per megawatt) estimated by the energy information administration (eia). according to eia, offshore wind is one of the most expensive technologies in the slate of technologies it considers for its annual energy outlook: offshore wind’s capital costs are twice as expensive as the capital costs for onshore wind and over 4 times more expensive in operation and maintenance costs. it is unclear why a technology that is so expensive should be co-funded by $40 million of u.s. taxpayers’ money.
 some may remember other expensive outlays of federal funds such as solyndra that never made it in the private market.",['N_3'],"['C_21_0', 'C_24_0', 'C_27_0', 'C_28_1']"
19,"perhaps the ultimate example of the lilliputians' prevailing in the energy wars can be seen in the local opposition to an innovative plan to construct 130 windmills in nantucket sound. this ""wind farm"" would provide 75 percent of the power required for all the homes and businesses on cape cod and the elite playgrounds of nantucket and martha's vineyard.
 remarkably, robert f. kennedy, jr., the environmentalist nephew of sen. edward kennedy, objects to the plan, ostensibly because the spinning blades on the windmills might kill some migrating seabirds and threaten the livelihoods of a few fishermen. the real reason that kennedy and his uncle object to the plan -- and have successfully inserted language to bar the project in legislation reauthorizing the coast guard -- was dryly summed up by the congressional quarterly: ""the windmills,"" cq noted, ""would become part of the vista from the kennedy family's hyannisport compound."" can you say nimby?","['N_1', 'N_2', ’N_3']","[‘C_1_1’, ‘C_11_0’, ‘C_25_3’]"
20,"While offshore wind developers are promising tens of thousands of U.S. jobs from wind farm development along the East Coast over the next decade, the commercial fishing industry is sowing doubt about the projections. An economic analysis commissioned by the Responsible Offshore Development Alliance, a fishing industry coalition, concludes that “a surprisingly low” number of new positions will be permanent, and that the bulk of jobs will be created overseas. “The claim that the huge investments on offshore wind would provide significant job and economic benefits in the U.S. has been grossly inflated,” wrote the report’s author, Janet Liang, an economist with Georgetown Economic Services, a consulting firm.","['N_3', 'N_6']","['C_23_0', 'C_32_3']"
21,"Since 2019, the Golanese have been carrying out general strikes to confront the expansionist plan of the Turbines, which threatens to seize more than 600 hectares of their agricultural land, planted with cherry and apple trees.","['N_2', 'N_5']","['C_14_0', 'C_25_2', 'C_5_0']"
22,"game changer is hamm’s first book, and in addition to providing biographical detail, it is an ode to america’s energy independence. this is a particularly prescient topic now that the biden administration is discouraging the use of america’s resources and is encouraging reliance on chinese-made wind turbines, solar panels, and electric batteries for mandatory electric vehicles. worse still, since congress would not be able to pass such bills and get them signed into law, president biden is doing an end-run around our elected representatives and putting policies in place through environmental protection agency (epa) rules.","[’N_5’, 'N_7']","['C_33_0', 'C_37_0', 'C_38_0']"
23,"They say the development would ruin the unique and scenic flat-top mesas that rise from a boulder-strewn valley. It would damage plants and the habitat of endangered animals, and destroy Native American cultural sites that include nearly a thousand petroglyphs, they say.","['N_1', 'N_2']","['C_11_0', 'C_17_1', 'C_17_3', 'C_1_0']"
24,"Turning rotor blades will “cause the sunlight to flicker, and the hub of the turbine will make a high-pitched whine. At night, 24 blinking red lights will fill the sky facing the monastery, and the serenity that the monks and pilgrims have long sought will be gone, quite literally, with the wind,” said Tania Werbizky, league regional director of Technical and Grant Programs for western New York.","['N_2', 'N_8']","['C_11_0', 'C_17_0', 'C_6_0', 'C_7_0']"
25,"""Hopeless about life,"" she lost more than 10 kilograms. ""How is it that they [businessmen] come here and put up these things [wind turbines] without asking anyone's permission? Before, this was Sítio Sobradinho and now it's no longer that, now they are the owners and it can't be like this, we have our rights. I don't want to leave my place because my place was very peaceful, a place for you to live your whole life and now there's no way I can live here anymore. How can they come and do this and take away our peace? I can't accept this,"" lamented Edna Pereira.","['N_2', 'N_6', 'N_8']","['C_14_0', 'C_15_0', 'C_17_0', 'C_5_0', 'C_9_0']"
26,"Annemarie O’Brien, wife of the world’s greatest trainer Aidan, claims pylons and wind turbines pose a huge threat to the equine industry – and to tourism and agriculture.",['N_3'],"['C_25_0', 'C_25_1', 'C_25_2']"
27,"Many attending the meeting raised concerns that the turbines would impact negatively on local lifeline tourism. Several claimed it would lower the value of their home.
One member of the audience informed the meeting that earlier in the day, she had discovered that her property sale had fallen through because the buyer was concerned about the possibility of windfarm developments in the area.
Community council secretary Pam Lucas said: “We’re still considering our response.”
Balnain, near Drumnadrochit, is among many communities within a 22-mile radius of Loch Ness that campaigners fear will merge into a 600-plus turbine “ring of steel” on surrounding hillsides that could ultimately deter tourists.","['N_2', 'N_3']","['C_11_0', 'C_13_0', 'C_25_1', 'C_5_0']"
28,"price increases would jeopardize commercial activities, from manufacturing to artisan work to rates at hotels and restaurants, raising unemployment rates. public support for renewable initiatives would wither.
the energy department is attempting to eliminate fossil fuel use in puerto rico, but residents want greater industrial development and more reliable, cheaper fuels. energy availability creates jobs and a pathway to more productive economic growth. that’s what puerto rico needs.","['N_3', 'N_4']","['C_20_0', 'C_23_0', 'C_25_0', 'C_26_0', 'C_27_0', 'C_28_5']"
29,ratemaking practices for transmission that pass costs through to consumers take important intermittency risks away from wind generators and throw them on to non-wind producers and captive ratepayers.,"['N_3', 'N_4']","['C_20_0', 'C_22_0', 'C_26_0']"
30,"we can be preached to forever about “clean electricity” messages, and bedazzle farmers with the prospects of on-going revenue from renewables. however, the extensive mining worldwide for materials for millions of wind turbines and solar panels, and the decommissioning and restoration details, and the social changes that would be necessitated for societies to live without the thousands of products from petroleum derivatives remain the dark side of the unspoken realities of renewables.",['N_1'],"['C_32_3', 'C_3_0']"
31,"Wind generators take up a lot of space and spraying for crops would be a very serious issue, said Warren Sturgeon who owns a crop spraying service. His planes need a half-mile to safely turn around and in some places on the proposed turbine sites, there simply isn’t enough room. If they can’t do their job, it could cost jobs.
“This is not a good deal,” Sturgeon said. “People will get laid off.”
Aerial spraying is less expensive than other methods of spraying such as with a helicopter so it could cost land owners more to spray their fields. There is also a problem with wind drift for small aircraft as well as drifting insecticides and pesticides.","['N_2', 'N_3']","['C_4_0', 'C_23_0', ‘C_25_2’, ‘C_12_0’]"
33,"not only would these electricity prices [from increased use of renewables] exceed the highest u.s. prices, but the study acknowledges that ""low-income households… were particularly vulnerable to large retail rate increases.” already nearly half of puerto ricans live below the poverty line, and such drastic increases in costs could deepen socioeconomic disparities.
price increases would jeopardize commercial activities, from manufacturing to artisan work to rates at hotels and restaurants, raising unemployment rates. public support for renewable initiatives would wither.","['N_2', 'N_3']","['C_19_0', 'C_20_0', 'C_23_0', 'C_25_0']"
34,"Furthermore, it is far from clear that the wind will benefit our town economically. Developers talk about the benefit of jobs and increased local and state tax revenues. But while the 38-week leveling and construction phase will generate 200 jobs, when it ends only four to six permanent jobs will remain. Local property taxes will go down, but real estate prices will drop, too        – people do not want to live near turbines. The state and county may collect some tax dollars, but tourism will decline. Understand also that 60 percent of the cost of wind development that is paid with tax dollars        – stimulus money, production tax credits and accelerated depreciation        – and that we will need to fund new and upgraded transmission lines and construct back up conventional power plants.","['N_2', 'N_3', 'N_4']","['C_13_0', 'C_21_0', 'C_23_0', 'C_24_0', 'C_25_1', 'C_26_0']"
35,"while eia did not calculate the subsidies per unit of energy produced in fy 2016, the institute for energy research calculated the federal subsidies and support per unit of electricity production from the information provided in eia’s report for renewable technologies and nuclear power. because eia did not break out the electricity-related subsidies for coal, natural gas, and petroleum from their total subsidies, the subsidy per unit of energy produced could not be calculated for these sources of electricity. however, if one assumed that all of coal’s subsidies that eia calculated were for electricity production, the subsidy cost per unit of production for coal would be $1.04 per megawatt hour. however, it is more likely to be about 80 percent of that value. the figure below provides the subsidy costs per unit of production for those technologies that eia provided relevant data.
on a per dollar basis, government policies have led to solar generation being subsidized by over 95 times more than nuclear electricity production, and wind being subsidized over 12 times more than nuclear power on a unit of production basis.",['N_3'],"['C_24_0', 'C_28_4']"
36,"WILLIAMS – While contractors working on NextEra’s Perrin Ranch wind project build new roads and infrastructure, one existing road in the area is taking a beating.
Espee Road, the main access to Junipine Estates of Highway 64, is buckling under the weight of trucks hauling rocks to construction areas past the housing development located about 11 miles north of Williams.
Hank Rush, a resident of Junipine Estates, said driving conditions are less than ideal for residents traveling the road.
“They’re tearing up the road,” he said. “They re-patch it and then they tear it up again and re-patch it. I don’t understand why they didn’t go through Perrin Ranch itself instead of using Espee.”",['N_2'],['C_18_1']
37,"The project – they said – “calls for 18 towers, each 150 meters high, concrete footings for a total of 6 hectares, kilometers of new roads linking the towers, two huge electrical substations, kilometers of new power lines for connecting to the national grid …”",['N_0'],['C_0_0']
38,"In the case of this project, it will pose a serious risk to the navigation of local and international shipping and boating, as well as to the wind farms themselves in storm and tempest.",['N_2'],"['C_25_4', ‘C_16']"
39,"cfact has long called for an environmental assessment of the combined impact of the clusters of huge offshore wind facilities being pushed by the feds. each facility is being separately assessed even when they share a boundary.
in many cases, it is clear that the adverse impacts will overlap and compound the harm to marine life. an obvious example is the incredibly loud and potentially harmful noise of pile driving. this noise carries over fifty miles, so if two sites are pile driving within a few miles of each other, the noise has to be much worse when the impacts combine.","['N_1', 'N_5']","['C_1_2', 'C_30_0']"
40,"would biden aoc & co. require “responsible sourcing” for all gnd materials and components, meaning certified compliance with all us wage, workplace safety, child labor and environmental laws?
would they require that wind and solar companies go through an extensive, multi-year nepa environmental review process for every industrial installation and transmission line? demand compliance with the endangered species act, bald and golden eagle protection act, migratory bird treaty act, clean water act and other laws that have been strictly enforced for decades for other industrial facilities?
or will they claim all those turbines, panels, batteries and power lines are needed to “save the planet from imminent climate cataclysms,” and thus must be exempted from wildlife and environmental laws? will they claim killing birds, bats and other wildlife is “inadvertent” and “unintentional,” and thus should be excused or legalized – exempting even the massive slaughter associated with gnd-scale installations?","['N_1', 'N_5', 'N_6']","['C_1_1', 'C_30_0', 'C_31_0', 'C_32_4']"
42,"Defence Minister Andrew Murrison said the [wind] farm could interfere with radars and low flying operations.
Winchester MP Steve Brine said it would “compromise” armed forces personnel.",['N_7'],"['C_35_0', 'C_36_0']"
43,"“no other state in the country has four studies showing wind power is bad for consumers, the military, and the environment,” droz said.","['N_1', 'N_3', 'N_7']","['C_1_0', 'C_20_0', 'C_36_0']"
44,"The Nakhon Ratchasima Administrative Court ruled recently the Chaiyaphum land reform committee’s decision to lease the land to Thep Sathit Wind Farm Co was unlawful and ordered it revoked.
According to the court, the land lease for the company is in breach of the agricultural land reform law which requires that allowing Sor Por Kor land use for activities other than agriculture can be done only if those activities are in the interests of farmers.
Wind farms generate electricity, which is in the interests of the public. However, they are also a profit-making business and do not offer direct benefits to farmers, the court said. The court upheld the lower court’s decision.",[’N_5'],[‘C_31_0’]
45,"senator michael testa had a question for both rucker and other panelists regarding the greenhouse gas impact of the [wind] projects.
“have you seen…any studies of how much of a positive impact this project would have in the elimination of greenhouse gases,” senator testa asked. “i’ve been given a lot of information from constituents and from other concerned citizens that are not within my legislative district that they’ve seen studies that say the ultimate positive impact that this project would have if fully built out is actually zero.”
‘we are looking into that issue, we have a project called the ‘net zero reality coalition’ which is actually formed for that purpose to look at what projects like this are doing,” rucker said. “we have’t derived an answer for this specific project as of yet, however, it is a contention of the scientists and researchers we have on that, that actually it might increase green house gases…”",['N_1'],['C_2_0']
46,"u.k.’s onshore wind scheme could backfire, with far more potent greenhouse gas emissions",['N_1'],['C_2_0']
47,"Mexico resident Dr. Albert Aniel said that as a physician, he believes the main issue is wind turbine noise.
He then said there is an effort under way in the Legislature to amend the state’s noise regulations, which don’t pertain to wind turbines.
Aniel urged the board to work from the defeated ordinance and wait for the state to develop new noise regulations.","['N_5', 'N_8']","['C_30_0', 'C_6_0']"
48,"A petition organised by the development committee in Béal Átha ’n Ghaorthaidh, 5.5km from the proposed Curraglass wind farm, highlighted fears of potential fire and toxic smoke hazards associated with the battery storage facility, as well as the turbine height and concentration of wind farms in the area.","['N_2', 'N_8']","['C_12_0', 'C_5_0', 'C_9_0']"
49,"Other issues [with the wind farm] include vibration, noise and electromagnetic issues. Delfino later told ECM that fire is also an impact that was in her notes to discuss, but time ran short.","['N_2', 'N_8']","['C_10_0', 'C_12_0', 'C_6_0', 'C_8_0']"
50,"If [the wind farm is] added the scale would impact on living conditions of nearby residential properties, public footpaths and on listed buildings, the historic park and gardens at Hinwick House and effect an ancient monument, the Wold Moated Enclosure.","['N_2', 'N_8']","['C_16_0', 'C_17_1']"